sample_id,decision_id,expected,severity,kind,peer_evidence,correct,note
GTS02,d1,label=traffic_sign x2 (hai biển yield ở góc trên hai bên giao lộ),critical,decision,traffic_sign [facing=irrelevant;needs_review=false;truncated=false;visibility=visible]×4 | traffic_sign [facing=relevant;needs_review=false;truncated=false;visibility=visible]×5,1,Đủ hai biển nhường đường ở góc trên trái và phải; hai box chính đặt đúng mặt biển.
GTS02,d2,label=traffic_sign x2 (hai biển mũi tên rẽ màu xanh bên dưới biển yield); ignore=traffic_light,major,decision,traffic_sign [facing=irrelevant;needs_review=false;truncated=false;visibility=visible]×4 | traffic_sign [facing=relevant;needs_review=false;truncated=false;visibility=visible]×5,0,"Hai biển mũi tên được box, nhưng bốn cụm đèn tín hiệu ở xa (x≈366–396 và x≈805–832) cũng bị gán traffic_sign; trái với ignore=traffic_light."
GTS08,d1,label=traffic_sign cho các mặt biển giao thông nhận diện được ở hai bên đường; mỗi mặt biển là một instance,critical,decision,traffic_sign [facing=relevant;needs_review=false;truncated=false;visibility=blurry]×2 | traffic_sign [facing=relevant;needs_review=false;truncated=false;visibility=visible]×4,1,"Bốn biển tròn ở hai bên đường được tách instance; hai biển chỉ dẫn ở xa cũng được gán riêng, không gán cầu."
GTS08,d2,"geometry: box ôm phần mặt biển nhìn thấy; không bao cột, cầu hoặc nền",minor,geometry,traffic_sign [facing=relevant;needs_review=false;truncated=false;visibility=blurry]×2 | traffic_sign [facing=relevant;needs_review=false;truncated=false;visibility=visible]×4,1,"Quan sát ảnh phóng: các box bám mặt biển, không ôm cột hoặc cầu. Mức ±2 px là ước lượng thị giác vì gold không có tọa độ."
GTS14,d1,label=traffic_sign cho biển cảnh báo giao lộ hình tam giác bên phải; ignore=traffic_light,critical,decision,traffic_sign [facing=irrelevant;needs_review=false;truncated=false;visibility=visible] | traffic_sign [facing=relevant;needs_review=false;truncated=false;visibility=visible],1,Biển cảnh báo tam giác bên phải được gán; đèn giao thông không bị gán. Box nền bên trái cần QA scope riêng.
GTS14,d2,geometry: box ôm mặt biển tam giác nhìn thấy; không bao cột,minor,geometry,traffic_sign [facing=irrelevant;needs_review=false;truncated=false;visibility=visible] | traffic_sign [facing=relevant;needs_review=false;truncated=false;visibility=visible],0,"Box tam giác x=758.8..796.8 rộng hơn mép trái mặt biển khoảng 3–4 px trên ảnh phóng, vượt ngưỡng 2 px; ước lượng thị giác."
GTS18,d1,label=traffic_sign x2 (biển cảnh báo tam giác và biển giới hạn tốc độ 30 bên dưới),major,decision,traffic_sign [facing=relevant;needs_review=false;truncated=false;visibility=visible]×2,1,Hai box riêng cho biển cảnh báo tam giác và biển giới hạn tốc độ 30.
GTS18,d2,geometry: hai box riêng ôm mặt tam giác và mặt tròn; không bao cột,minor,geometry,traffic_sign [facing=relevant;needs_review=false;truncated=false;visibility=visible]×2,1,"Hai box tách mặt tam giác và mặt tròn, không bao cột; biên nhìn sát mặt biển trên ảnh phóng."
GTS25,d1,label=traffic_sign x2 (biển ưu tiên hình thoi và biển giới hạn tốc độ 50 bên dưới),major,decision,traffic_sign [facing=irrelevant;needs_review=true;truncated=false;visibility=visible] | traffic_sign [facing=relevant;needs_review=false;truncated=false;visibility=visible]×2 | traffic_sign [facing=relevant;needs_review=true;truncated=false;visibility=blurry],1,Hai biển mục tiêu hình thoi và giới hạn 50 được gán riêng. Hai box bổ sung ngoài các mục tiêu đã ghi trong gold cần QA scope riêng.
GTS25,d2,geometry: hai box riêng ôm mặt hình thoi và mặt tròn; không bao cột,minor,geometry,traffic_sign [facing=irrelevant;needs_review=true;truncated=false;visibility=visible] | traffic_sign [facing=relevant;needs_review=false;truncated=false;visibility=visible]×2 | traffic_sign [facing=relevant;needs_review=true;truncated=false;visibility=blurry],1,"Hai box của biển hình thoi và biển tròn ôm riêng mặt biển, không bao cột trên ảnh phóng."
